nomor,label,nama_akun,komentar,komentar_preprocessing
1,negative,Agus-Sylvi,"Meninggalkan zona aman dan nyaman demi kemajuan Jakarta, dengan hasil yang tak sesuai harapan - AHY #realitybites #PilkadaDKI",tinggal zona aman nyaman maju jakarta hasil sesuai harap ahy realitybites pilkadadki
2,positive,Ahok-Djarot,"semoga #AhokDjarot bisa menyelesaikan tugas negaranya sampe oktober pas pelantikan gubernur baru, supaya APBN saat ini tidak diganggu2 amin",moga ahokdjarot selesai tugas negara sampai oktober pas lantik gubernur apbn diganggu amin
3,positive,Agus-Sylvi,"Heboh, AHY muncul dengan penampilan baru @AgusYudhoyono http://beritahati.com #BERITAHATI #heboh #ahy #baru #tampilan #pilkada #nasional",heboh ahy muncul tampil agusyudhoyono beritahati heboh ahy tampil pilkada nasional
4,positive,Agus-Sylvi,Doa ku.. Semoga suaranya mas Agus-Sylvi beneran ke #Badja #PilkadaDKI2017 yakin kan mas Agus.. Aku pada mu..,doa ku moga suara mas agus sylvi beneran badja mas agus mu
5,negative,Anies-Sandi,#debatfinalpilkadadki ada oke oce. Ada oke mart. Lama2 ada oke jek hahaha ogah kerja ogah capek #okeoce,debatfinalpilkadadki oke oce oke mart lama oke jek ogah ogah capek okeoce
6,negative,Ahok-Djarot,"Makin stress! Dipikiran @fadlizon cuma duit, itung : 4000 bunga x Rp 200.000 udah berapa dananya?? Tapi cinta ke #AhokDjarot melebihi materi",stress pikir fadlizon duit itung bunga rp sudah dana cinta ahokdjarot lebih materi
7,positive,Ahok-Djarot,Iwan Fals saja pilih Ahok Djarot..tahu kan konsistennya Iwan Fals melawan korupsi ? #pilkadadki2017 @Takviri,iwan fals pilih ahok djarot konsisten iwan fals lawan korupsi takviri
8,negative,Ahok-Djarot,Wasekjen MUI Nilai Video Kampanye Ahok-Djarot Suduntukan Umat Islam https://goo.gl/vrIZIy  #News #AhokDjarot,wasekjen mui nilai video kampanye ahok djarot suduntukan umat islam news ahokdjarot
9,positive,Agus-Sylvi,"Pilihan warga jkt Mayoritas bukan pada ahok, tapi calon selain ahok, terbukti di dua putaran pilkada dki. Mayoritas memilih AHY dan Anies",pilih warga jkt mayoritas ahok calon ahok bukti putar pilkada dki mayoritas pilih ahy anies
10,negative,Ahok-Djarot,"Bawa #Ganja, #Polisi Ciduk #Penyanyi Pro #Ahok http://obsessionnews.com #AhokDjarot #iwak #anies #AniesSandi #PilkadaDKI #pilkadajakarta	",bawa ganja polisi ciduk nyanyi pro ahok ahokdjarot iwak anies aniessandi pilkadadki pilkadajakarta
11,negative,Anies-Sandi,Yang potong payudara/susu jika #AniesSandi menang kira2 gmana ini hahah . Hitz skali wkwkwk pak @basuki_btp ?,potong payudara susu aniessandi menang kira hahah hitz skali wkwkwk basukibtp
12,positive,Anies-Sandi,Saya percaya usaha kita tak sia-sia. Teruslah mengemban amanat untuk Jakarta dan warganya. #PANbekerja #AmanatNasional #AniesSandi,percaya usaha sia sia terus emban amanat jakarta warga panbekerja amanatnasional aniessandi
13,negative,Ahok-Djarot,Rizieq minta pengikutnya untuk TERNAK AKUN disosmed. jadi jangan heran kalau akun twitter tiba2 diserbu PASUKAN CACI MAKI  <grining face with smile eye> <Face Screaming in Fear> <Face Screaming in Fear>,rizieq ikut ternak akun disosmed heran akun twitter tiba serbu pasu caci maki
14,positive,Ahok-Djarot,Kekalahan Basuki Tjahaja Purnama-Djarot Saiful Hidayat di Pilkada DKI Jakarta tidak mempengaruhi elektabilitas PDI <Victory Hand>,kalah basuki tjahaja purnama djarot saiful hidayat pilkada dki jakarta pengaruh elektabilitas pdi
15,positive,Ahok-Djarot,SALAM SUJUD DAN HORMAT SAYA PADA PAK DJAROT KHABARNYA PENANGGUHAN TAHANAN AHOK DI SETUJUIN DAN MALAM INI PAK AHOK PULANG,sujud hormat djarot khabar tangguh tahan ahok setujuin malam ahok pulang
16,negative,Ahok-Djarot,Tukang karangan bunga yang tidak pilih ahok apa masih terima orderan masa mau buatin bunga buat orang kapir #karanganbungaahok #AhokDjarot,tukang karang bunga pilih ahok terima order buatin bunga kapir karanganbungaahok ahokdjarot
17,negative,Anies-Sandi,Blunder sekali Pak @jokowi jika benar menteri dari PAN akan DITENDANG gara-gara dukung #AniesSandi & isu #AhokPenistaAgama masuk kabinet,blunder jokowi menteri pan tendang gara gara dukung aniessandi isu ahokpenistaagama kabinet
18,positive,Agus-Sylvi,Ada apa dengan #AHY knp disetiap acara nya massa membludak?Krn rakyat melihat harapan utk AHY memimpin negara ini dimasa yg dtg. #AHYforAll,ahy knp tiap acara massa membludak karena rakyat harap untuk ahy pimpin negara masa dtg ahyforall
19,negative,Ahok-Djarot,Sederhana aja kan? Ya orang yang mempertanyakan soal susah move on berarti cuma yang sok skeptis dan tim kontra Ahok #AhokDjarot,sederhana aja susah move on sok skeptis tim kontra ahok ahokdjarot
20,positive,Anies-Sandi,Setelah #AniesSandi menggulirkan ide rumah #DP0 jadi makin banyak orang membicarakan rumah murah. Itulah kekuatan gagasan seorang pemimpin !,aniessandi gulir ide rumah dp bicara rumah murah kuat gagas pimpin
21,positive,Agus-Sylvi,"Mengakui kekalahan, apapun itu tujuannya tapi great applause lah. Patut ditiru untuk demokrasi yang positif #AgusSilvy",aku kalah apa tuju great applause patut tiru demokrasi positif agussilvy
22,positive,Ahok-Djarot,"Mas @addiems , keren banget... Selamat berjuang, NKRI harga mati #SaveAhok #AhokDjarot #RIPJUSTICEINDONESIA",mas addiems keren banget selamat juang nkri harga mati saveahok ahokdjarot ripjusticeindonesia
23,negative,Ahok-Djarot,Yang menang pilkada itu #AniesSandi yg kebanjiran ucapan selamat dan karangan bunga #AhokDjarot - fenomena alam,menang pilkada aniessandi banjir ucap selamat karang bunga ahokdjarot fenomena alam
24,negative,Ahok-Djarot,"Ancam Polisikan, Sutradara Video Rasis Kampanye Ahok-Djarot Minta Bayaran Sesuai Kontrak https://goo.gl/lwg3Ai  #News #AhokDjarot",ancam polisi sutradara video ras kampanye ahok djarot bayar sesuai kontrak news ahokdjarot
25,positive,Anies-Sandi,Saran untuk #AniesSandi dalam mewujudkan program dana 1Milyar/RW dibutuhkan persetujuan DPRD @Kemendagri_RI dan @KPK_RI untuk cegah korupsi,saran aniessandi wujud program dana milyar rw butuh tuju dprd kemendagriri kpkri cegah korupsi
26,negative,Ahok-Djarot,"Lambang matinya akal waras di Indonesia, ketika fitnah mengendalikan kita #Ahok #ahoktumbang #pilkadajakarta #AhokDjarot",lambang mati akal waras indonesia fitnah kendali ahok ahoktumbang pilkadajakarta ahokdjarot
27,positive,Anies-Sandi,"#AniesSandi itu pemimpin yang akan berada ditengah,yang akan merangkul smua masyarakatnya,tanpa membedakan suku, agama,ras dan antargolongan",aniessandi pimpin tengah rangkul semua masyarakat beda suku agama ras antargolongan
28,negative,Ahok-Djarot,"Sedih, kehilangan sosok gubenur yang jujur dan pekerja keras untuk melayani warganya.@basuki_btp #pilkadadki2017 #AhokKalah",sedih hilang sosok gubenur jujur kerja keras layan warga basukibtp ahokkalah
29,negative,Agus-Sylvi,AHY dan Tim berjalan menjauh dari hiruk pikuk Pilkada. Melanjutkan perjalanan panjang politik mereka dengan rasa kecewa @panca66 @bambangelf,ahy tim jalan jauh hiruk pikuk pilkada lanjut jalan politik kecewa bambangelf
30,negative,Anies-Sandi,"Isis juga lagi proses hukum, terus knapa komentari <grining face> <grining face> <grining face> males betengkar sama anak TK gak ber bobot, asal ngeles #OkeOce <Person Raising Hand> <Face With Stuck-Out Tongue & Closed Eyes> <Person Running> <Person Running> <Person Running>",isis proses hukum knapa komentar males betengkar anak tk gak ber bobot ngeles okeoce
31,positive,Agus-Sylvi,"[HEBOH] Pentolan band Coldplay asal Inggris, Chris Martin, memberikan dukungan pada pasangan Agus-Sylvi #AHY di Pilkada Jakarta 2017.",heboh pentol band coldplay inggris chris martin dukung pasang agus sylvi ahy pilkada jakarta
32,negative,Ahok-Djarot,"Gak murah nih ! , jika Ahok bukan Gubenur kesayangan warga Jakarta, emang siapa mau buang2 duit untuk beginian? #AhokDjarot",gak murah ahok gubenur sayang warga jakarta emang buang duit ahokdjarot
33,negative,Agus-Sylvi,ya pastilah #FPI kan ga suka ama Ahok jd pas #AHY udah kalah otomatis dukungannya lari ke mas #Anisa AniesSandi,fpi tidak suka ama ahok pas ahy sudah kalah otomatis dukung lari mas anisa aniessandi
34,positive,Agus-Sylvi,"Terima kasih mas @AgusYudhoyono, karenamu anak muda telah berani menyuarakan perubahan. Kami tetap bersamamu #YNWA",terima kasih mas agusyudhoyono karena anak muda berani suara ubah sama ynwa
35,negative,Ahok-Djarot,"Kampanyenya ngomong program ini program itu, jadi mentri aja dipecat <FACE WITH TEARS OF JOY> mending liat yang udah ada hasil kerja ada deh #AhokDjarot",kampanye ngomong program program tri aja pecat mending liat sudah hasil deh ahokdjarot
36,positive,Ahok-Djarot,"Tuhan sayang Jakarta & AhokDjarot karena AhokDjarot kalah saja mereka masih marah, AhokDjarot menang apa yg terjadi di Jakarta terima kasih.",tuhan sayang jakarta ahokdjarot ahokdjarot kalah marah ahokdjarot menang jakarta terima kasih
37,negative,Anies-Sandi,"Kalian dijanjikan ini itu sama calon gubenur baru. jangan lupa tagih janjinya, Jakarta butuh kerja nyata bukan sekedar janji #pilkada",janji calon gubenur lupa tagih janji jakarta butuh dar janji pilkada
38,positive,Agus-Sylvi,"Jadi, tolong hargai sikap saya dan beberapa pendukung AHY yang memilih bersikap netral di putaran kedua Pilkada DKI 2017 ini.",tolong harga sikap dukung ahy pilih sikap netral putar pilkada dki
39,negative,Anies-Sandi,Takut kalah jadi buruan bagi-bagi sembako. Kayanya lebih cocok jadi pegawai bulog kaleee. Colek @kpu_dki @KPU_RI @jokowi #PilkadaDKI2017,takut kalah buru sembako kaya cocok pegawai bulog kaleee colek kpudki kpuri jokowi
40,positive,Agus-Sylvi,Gunawan dan Freely anggota DPRD Talaud ini mau pasang spanduk AHY di perbtasan Indonesia-Filipina. Lanjutkan,gunawan freely anggota dprd talaud pasang spanduk ahy perbtasan indonesia filipina lanjut
41,negative,Anies-Sandi,"Cagub kerja vs cagub wacana, cagub fakta vs cagub dusta #tetapahok #salambersama #okeoce #BeragamItuBasukiDjarot #kampanyeahokjahat",cagub vs cagub wacana cagub fakta vs cagub dusta tetapahok salambersama okeoce beragamitubasukidjarot kampanyeahokjahat
42,positive,Anies-Sandi,"Kemenangan #AniesSandi di #PilkadaDKI putaran ke 2 bukan kemenangan sekelompok orang,tetapi kemenangan seluruh warga DKI rakyat Indonesia.",menang aniessandi pilkadadki putar menang kelompok menang warga dki rakyat indonesia
43,negative,Agus-Sylvi,"Sah-sah aja, Justru itu menjadi tolak ukur kedewasaan warga dki, kalo AHY menang artinya pola pikir warga masih primitif.. #PolitikUangAHY",sah sah aja tolak ukur dewasa warga dki ahy menang pola pikir warga primitif politikuangahy
44,negative,Agus-Sylvi,Antasari Diancam Harry Tanoe https://youtu.be/9KbbpAjibTc  #Antasari #ahok #Sby #AHY #berita #MetroTV #Indonesia #JumatBerkah #KimJongNam,antasari ancam harry tanoe antasari ahok sby ahy berita metrotv indonesia jumatberkah kimjongnam
45,negative,Agus-Sylvi,"kering sudah darah @ahy saatnya menghisap darah @anisandi mumpung stok darahnya bergudang-gudang, darah hantu diminum setan #pilkadadki",kering darah ahy menghisap darah anisandi mumpung stok darah gudang gudang darah hantu minum setan pilkadadki
46,negative,Agus-Sylvi,"Enam bulan kampanye pilkada di kubu AHY, pendukung Ahok sibuk serang program AHY. Tidak pernah mereka kampanye program Ahok sendiri",enam kampanye pilkada kubu ahy dukung ahok sibuk serang program ahy kampanye program ahok
47,negative,Agus-Sylvi,Jangan sampai SBY berkata AHY kalah gara-gara Antasari ya? Survey kan sudah menunjukan AHY terus merosot elektabilitasnya #PilkadaDKI,sby ahy kalah gara gara antasari survey tunjuk ahy merosot elektabilitas pilkadadki
48,negative,Ahok-Djarot,"Karangan bunga yang dikarang-karang untuk #AhokDjarot, sungguh kegilaan pasca kegilaan tuntutan JPU kasus #AhokPenistaAgama",karang bunga karang karang ahokdjarot sungguh gila pasca gila tuntut jpu ahokpenistaagama
49,negative,Agus-Sylvi,"#AHY-Sylvi, Anies-Sandiaga, Basuki-Djarot, Debat Pilkada DKI 2017, Jangan Jual Mimpi Demi Jadi Gubernur...",ahy sylvi anies sandiaga basuki djarot debat pilkada dki jual mimpi gubernur
50,negative,Ahok-Djarot,@aniesbaswedan kemarin bilang tidak setuju syariah . lah ini apa ?? #indonesia #badja @nu_online #ahokdjarot #pilkadaDKI @MataNajwa,aniesbaswedan kemarin bilang tuju syariah indonesia badja nuonline ahokdjarot pilkadadki matanajwa
51,negative,Ahok-Djarot,Kubu BaDja Sindir Anies Soal Spanduk Jakarta Bersyariah - #PilkadaDki2017 #Ahok-Djarot #AniesBaswedan #Ahok #Jakarta,kubu badja sindir anies spanduk jakarta bersyariah ahok djarot aniesbaswedan ahok jakarta
52,negative,Anies-Sandi,cara kampanye #Anies membuat Menteri agama mengeluarkan peraturan larangan kampanye di rumah ibadah. sdh jelas #AniesSandi menang karna SARA,kampanye anies menteri agama keluar atur larang kampanye rumah ibadah sudah aniessandi menang karena sara
53,positive,Anies-Sandi,"Doain daerah sendiri dulu aja, GUB nya bagaimana <FOLDED HANDS> Aa Gym Kritik Syukuran Anies-Sandi Usai Menang di Pilkada DKI https://today.line.me/",doain daerah aja gub aa gym kritik syukur anies sandi menang pilkada dki
54,negative,Agus-Sylvi,"#AHY,Cuitan Hati SBY,Cuitan SBY, jokowi, mantan, mantan terindah,Pilgub DKI 2017  <Tongue> <Tongue>",ahy cuit hati sby cuit sby jokowi mantan mantan indah pilgub dki
55,positive,Anies-Sandi,#AhokDjarot yang menerapkan Open Government & Good Governance dengan triple pasword untuk APBD DKI membantu #AniesSandi merealisasi program!,ahokdjarot terap open government good governance triple pasword apbd dki bantu aniessandi realisasi program
56,negative,Ahok-Djarot,"Mental Tempe jadi benci Hukum Indonesa, mental BadJa terus berjuang. #indonesia #indonesiasatu #pancasila #AhokDjarot #AhokIsHope #Ahok",mental tempe benci hukum indonesa mental badja juang indonesia indonesiasatu pancasila ahokdjarot ahokishope ahok
57,positive,Ahok-Djarot,Perbedaan mana yang kerja keras dan mana yang suka cari muka ! #Ahok #AhokDjarot #freeahok #AhokIsHope #RIPJUSTICEINDONESIA #riphukum,beda keras suka cari muka ahok ahokdjarot freeahok ahokishope ripjusticeindonesia riphukum
58,positive,Anies-Sandi,Kemenangan sesungguhnya KEADILAN HUKUM dan KEADILAN SOSIAL yang Timpang dirasakan Rakyat. #AniesSandi #AniesSandiDKI1,menang sungguh adil hukum adil sosial timpang rasa rakyat aniessandi aniessandidki
59,positive,Agus-Sylvi,Sebagian kecil pendukung #AHY ada yg dukung Ahok. Basis massa mayoritas kemungkinan lebih pilih Anies. Kunci kemenangan tipis bagi Anies.,dukung ahy dukung ahok basis massa mayoritas pilih anies kunci menang tipis anies
60,negative,Agus-Sylvi,"Kasian benar nasib AHY, karir tinggi di TNI harus tamat karena nafsu pepo. Selanjutnya paling cepat ikut parpol kalau tidak begitu dagang ak",kasi nasib ahy karir tinggi tni tamat nafsu pepo cepat parpol dagang ak
61,negative,Ahok-Djarot,"Sembako Murah Ala Timses Ahok-Djarot Langgar UU Pemilu http://m.viva.co.id  Suap suara model begini, menghina kecerdasan warga..",sembako murah ala timses ahok djarot langgar uu milu suap suara model hina cerdas warga
62,positive,Ahok-Djarot,Karangan bunga dan antrian foto bersama.... Il phenomenon baru kayaknya untuk seorg figur di indonesia #AhokDjarot,karang bunga antri foto il phenomenon kayak seorg figur indonesia ahokdjarot
63,positive,Agus-Sylvi,"Bismillah, semoga esok Hari Jakarta memiliki pemimpin yang sesuai tuntunan AlQuran, diridhai Alloh swt",bismillah moga esok jakarta milik pimpin sesuai tuntun alquran diridhai alloh swt
64,positive,Ahok-Djarot,"Pemenang sejati adalah pemenang hati Rakyat. Udah kalah masih bisa datangkan rejeki buat tukang bunga,Pak #AhokDjarot #AhokDicintaiRakyat",menang sejati menang hati rakyat sudah kalah datang rejeki tukang bunga ahokdjarot ahokdicintairakyat
65,negative,Agus-Sylvi,"Pada Pilkada DKI, AHY dan SBY jadi target hoax dan fitnah yang dilakukan akun-akun pendukung Ahok.",pilkada dki ahy sby target hoax fitnah akun akun dukung ahok
66,positive,Anies-Sandi,Saran untuk #AniesSandi agar Reklamasi dpt dibatalkan agar dibicarakan dengan Pemerintah Pusat @KSPgoid @kemaritiman @kkpgoid @KejaksaanRI,saran aniessandi reklamasi dpt batal bicara perintah pusat kspgoid maritim kkpgoid kejaksaanri
67,negative,Anies-Sandi,"Daftar rumah baru di jakarta yang DP nya 0-Rp Kalau gak terealisasi, kau tanggung janji kau di akhirat nanti,,, #pilkadaDKI2017 #pathdaily",daftar rumah jakarta dp rp gak realisasi kau tanggung janji kau akhirat pathdaily
68,negative,Ahok-Djarot,Ha-ha-ha. sUdah tidak adil nih bangsa. Kalian masih mau milih no 2? Cina? Hah? <Speak-No-Evil> #AkuCoblosAniesSandi #PilkadaDKI #pilkadadki2017,ha ha ha adil bangsa milih no cina hah akucoblosaniessandi pilkadadki
69,positive,Anies-Sandi,Selamat @aniesbaswedan @sandiuno @prabowo @Fahrihamzah @fadlizon @HABIBRIZIEQFPI Atas kemenangan #pilkadaDki2017 semoga bs lebih maju DKI,selamat aniesbaswedan sandiuno prabowo fahrihamzah fadlizon habibrizieqfpi menang moga maju dki
70,positive,Ahok-Djarot,Apa pendapat anda tentang pak ahok? â€” Pemimpin hebat yang Tuhan utus utk Indonesia #gueahok #ahokdjarot #saveahok http://l.ask.fm/igoto,dapat ahok pimpin hebat tuhan utus untuk indonesia gueahok ahokdjarot saveahok
71,negative,Agus-Sylvi,Banyak akun kloning seolah2 pendukung #agussilvy mulai menyerang paslon #aniessandi dengan opini dan argumen pmbenaran..jangan terkecoh,akun kloning seolah dukung agussilvy serang paslon aniessandi opini argumen pmbenaran kecoh
72,negative,Agus-Sylvi,Kasian oh kasian dengan peluru 1milyar untuk tiap RW #agussilvy tidak mempan menangin pilkada #QuickCount #PilkadaSerentak2017,kasi oh kasi peluru milyar rw agussilvy mempan menangin pilkada quickcount
73,positive,Agus-Sylvi,Semoga pemilih #AHY di putaran 1 di Kebon Kacang dan Kp. Bali beralih ke Anies-Sandi. #JakartaCoblos3,moga pilih ahy putar kebon kacang kp bal alih anies sandi jakartacoblos
74,negative,Agus-Sylvi,AHY kalah.. Sisi negatif: Umat Islam tertunda dalam menempatkan pemimpin. Sisi positif: Umat Islam terhindar dari saling hujat & buka aib.,ahy kalah sisi negatif umat islam tunda tempat pimpin sisi positif umat islam hindar hujat buka aib
75,negative,Ahok-Djarot,DEDDY CORBUZIER SINDIR KARANGAN BUNGA AHOK. #indoharian #ahok #djarot #ahokdjarot #karanganbunga #DKI #Jakarta #DKIJakarta #memepolitik,deddy corbuzier sindir karang bunga ahok indoharian ahok djarot ahokdjarot karanganbunga dki jakarta dkijakarta politik
76,positive,Anies-Sandi,"macem2 ya keramaian pilkada dki. ada yang potong nenen, ada yang jago ngeles karena ramalan. anyway Selamat pak Anies-Sandi #pilkadadki2017",macem ramai pilkada dki potong nenen jago ngeles ramal anyway selamat anies sandi
77,positive,Ahok-Djarot,"Kekalahan Ahok ini disengaja, biar bisa sepaket dengan AHY pada Pilpres nanti <FACE WITH STUCK-OUT TOUNGES> <grining face with smile eye> <grining face with smile eye> <Smiling Face With Sunglasses> <Smiling Face With Sunglasses> #PilkadaDKI. #Ahokers jangan risau hahahahahaha",kalah ahok sengaja biar paket ahy pilpres pilkadadki ahokers risau hahahahahaha
78,negative,Anies-Sandi,Saran untuk #AniesSandi merealisir Transportasi terintegrasi Tiket Rp.5000 seyogianya dibicarakan dengan @PT_TransJakarta & ORGANDA & MTI,saran aniessandi merealisir transportasi integrasi tiket rp yogia bicara pttransjakarta organda mti
79,negative,Anies-Sandi,sedikit pun kami tidak pernah #AniesSandi menjanjikan rumah DP 0% itu berbentuk #Rusun yang kami tau rumah berbentuk horisontal #SaveDP0%,aniessandi janji rumah dp bentuk rusun tau rumah bentuk horisontal savedp
80,negative,Ahok-Djarot,Buahahahhaha!! Emang siapa yang merayakan? Bisa gak pendukungmu merayakan tanpa di bayar? #AhokDicintaiRakyat #AhokDjarot #Ahok @detikcom,buahahahhaha emang raya gak dukung raya bayar ahokdicintairakyat ahokdjarot ahok detikcom
81,negative,Agus-Sylvi,"lini pertahanan AHY rapuh debat efek, aksi 112 efek dan Antasari efek #pilkadaDKI",lini tahan ahy rapuh debat efek aksi efek antasari efek pilkadadki
82,positive,Agus-Sylvi,"Salam kagum buat AHY. Masih muda, berani pensiun dini, berani menantang ahok di pilkada, disaat semua pada takut, termasuk @ridwankamil",kagum ahy muda berani pensiun berani tantang ahok pilkada saat takut ridwankamil
83,positive,Ahok-Djarot,#JakartaBersuriah ala ustad cang haris.. pilih #AhokDjarot <Victory Hand> jangan lupa No. 2 pilih yang islami asli berakhlaq dan sudah haji.. Haji Djarot,jakartabersuriah ala ustad cang haris pilih ahokdjarot lupa no pilih islami asli berakhlaq haji haji djarot
84,positive,Ahok-Djarot,1000 lilin untuk Ahok dari Manado @ManadoKota @temanAhok @basuki_btp @digembok #AhokDjarot #RipJustice #RIPHukum #Manado #saveNKRI,lilin ahok manado manadokota temanahok basukibtp gembok ahokdjarot ripjustice riphukum manado savenkri
85,negative,Agus-Sylvi,Ini Dia Pelaku Pengirim SMS Gelap Antasari Azhar #Indonesia #SBY #AHY #Anies #Ahok #Berita #JumatBerkah #Rizieq,laku kirim sms gelap antasari azhar indonesia sby ahy anies ahok berita jumatberkah rizieq
86,positive,Anies-Sandi,"Macam-macam ya keramaian pilkada dki. ada yang potong nenen ,yang jago ngeles karena ramalan. Selamat pak Anies-Sandi #pilkadadki2017",ramai pilkada dki potong nenen jago ngeles ramal selamat anies sandi
87,negative,Anies-Sandi,"Yang lucunya di Pilkada DKI adalah Ahok-Djarot yang kalah, justru mendapatkan Simpati dari Masyarakat dibandingkan kemenangan Anies-Sandi",lucu pilkada dki ahok djarot kalah simpati masyarakat banding menang anies sandi
88,negative,Agus-Sylvi,"AHY masih mentah tapi mau dikarbit demokrat, melihat pilkada dki mereka tahu bahwa kemenangan pemilu cukup memakai sentimen sara saja",ahy mentah dikarbit demokrat pilkada dki menang milu pakai sentimen sara
89,positive,Ahok-Djarot,KARANGAN BUNGA ucapan TERIMAKASIH masyarakat ke Pak @basuki_btp & Pak @AhokDjarot sampai Monas #karanganbungaahok #telkomsel #AhokDjarot ,karang bunga ucap terimakasih masyarakat basukibtp ahokdjarot monas karanganbungaahok telkomsel ahokdjarot
90,negative,Agus-Sylvi,"om AA kemana ? lepas #AHY kalah kok dia tutup mulut tidak koar"" mau bongkar SBY",om aa mana lepas ahy kalah tutup mulut koar bongkar sby
91,negative,Ahok-Djarot,Kuota @aagym lagi habis makanya tidak mengikuti berita @Warta_MUI @mata #indonesia #pilkadaDKI #AniesSandi #voteahok #ahokdjarot,kuota aagym habis ikut berita wartamui indonesia pilkadadki aniessandi voteahok ahokdjarot
92,negative,Agus-Sylvi,Suara Warga Cuma Dihargai SEMBAKO TOLAK AHY Sudah melakukan penyuapan kepada warga @Abaaah @MurtadhaOne @RinjaniJB @fariz1234 @ananghijau,suara warga harga sembako tolak ahy suap warga abaaah murtadhaone rinjanijb ananghijau
93,positive,Ahok-Djarot,Jerih lelahmu memperjuangkan bangsa ini dari korupsi dan menegakkan kebenaran diperhitungkan oleh Tuhan pak. GBU #Ahok #AhokDjarot #freeahok,jerih lelah juang bangsa korupsi tegak benar hitung tuhan gbu ahok ahokdjarot freeahok
94,negative,Anies-Sandi,Kasihan katanya anti reklamasi tapi kok diteruskan? Ayo dapat berapa uang bapak2 gub & wagub baru jkt? #aniessandi #bullshit #freak,kasihan anti reklamasi terus ayo uang bapak gub wagub jkt aniessandi bullshit freak
95,positive,Ahok-Djarot,"Meski Saya warga Sultra, tetapi Saya dukung Ahok Djarot Untuk Gub.DKI Jakarta #pilkadadki2017 #pilkadajakarta #ahokmenang #ahok",warga sultra dukung ahok djarot gub dki jakarta pilkadajakarta ahokmenang ahok
96,positive,Agus-Sylvi,"LSI telah membuktikan kejujuran surveynya pada pilkada DKI tahap1- ahokdjarot disurvey langsung kalah dan Ahy menang 1 putaran,",lsi bukti jujur survey pilkada dki tahap ahokdjarot disurvey kalah ahy menang putar
97,negative,Ahok-Djarot,"#AhokDjarot unggul dalam memainkan isu dan strategi. Apalagi dalam isu sara, serta matang dalam mengelola Strategi Musuh.  <FACE WITH STUCK-OUT TOUNGES>",ahokdjarot unggul main isu strategi isu sara matang kelola strategi musuh
98,negative,Ahok-Djarot,"Kasih Iming-iming KJL kepada Orangtua, Ahok-Djarot Diminta Jangan Menipu Lansia https://goo.gl/L2e0Wn  #News #AhokDjarot",kasih iming iming kjl orangtua ahok djarot tipu lansia news ahokdjarot
99,positive,Anies-Sandi,@temanAhok @sahaL_AS @GunRomli @addiems Karangan bunga kematian karena #AhokTumbang kekuasaannya&akan segera BERAKHIR. WELCOME #AniesSandi,temanahok sahalas gunromli addiems karang bunga mati ahoktumbang kuasa welcome aniessandi
100,negative,Anies-Sandi,kelakuan busuk lalu beri alasan busuk. sekarang lempar tai sembunyi tangan lalu nunjuk yang lain. MEMALUKAN klakuan pendukung #AniesSandi,laku busuk alas busuk lempar tai sembunyi tangan nunjuk malu klakuan dukung aniessandi
101,positive,Agus-Sylvi,Salut! @AgusYudhoyono & Mpok Silvy dengan mengakui kemenangan Paslon lain. #agussilvy #Salam2Jari #KitaNKRI #TetapSemangat #PilkadaDKI,salut agusyudhoyono mpok silvy aku menang paslon agussilvy kitankri tetapsemangat pilkadadki
102,negative,Anies-Sandi,Kuota @aagym lagi abis makanya tidak mengikuti berita @Warta_MUI @mata #indonesia #pilkadaDKI #AniesSandi #voteahok #ahokdjarot,kuota aagym abis ikut berita wartamui indonesia pilkadadki aniessandi voteahok ahokdjarot
103,positive,Agus-Sylvi,semoga Anies menang pilkada dan AHY jadi presiden Indonesia 2019 Aamiin YRA klop dah!@AgusYudhoyono,moga anies menang pilkada ahy presiden indonesia aamiin yra klop agusyudhoyono
104,negative,Agus-Sylvi,Buat pendukung #AHY mari rapatkan barisan ke paslon #3 Buang issu miring paslon #3 Masih mau dipimpin seorang TERDAKWA? SIMULUT EMBER????,dukung ahy mari rapat baris paslon buang issu miring paslon pimpin dakwa simulut ember
105,positive,Ahok-Djarot,"Walaupun banyak cobaan yang menimpa pak ahok, mundur 1 langkah maju 1000 langkah untuk menjadikan jakarta lebih maju lagi <Trophy> #ahokdjarot",coba timpa ahok mundur langkah maju langkah jadi jakarta maju ahokdjarot
106,negative,Agus-Sylvi,"AHY siap siap jadi vocalis BAND rock yaaaa, lompat lompat mulu bang kerjaannya #PilkadaDKI #QuickCount",ahy vocalis band rock yaaaa lompat lompat mulu bang kerja pilkadadki quickcount
107,negative,Ahok-Djarot,Kalo bete ama M Taufik boleh pilih #AhokDjarot nggak kak? Soooo PASTIIII !!! <Face With Steam From Nose> <Face With Steam From Nose> <FACE WITH TEARS OF JOY> <Smiling Face With Open Mouth & Smiling Eyes> <FACE WITH TEARS OF JOY> <grining face with smile eye> <Victory Hand> #JanganTakutPilih2 #PilihBaDja,bete ama taufik pilih ahokdjarot nggak kak soooo pastiiii jangantakutpilih pilihbadja
108,positive,Ahok-Djarot,"Unik, Karangan bunga untuk Gubernur DKI Jakarta, Badja Viral di Medsos, ini salah satunya ... #POLEMIKPaluHakim #DKIJakarta #AhokDjarot",unik karang bunga gubernur dki jakarta badja viral medsos salah satu polemikpaluhakim dkijakarta ahokdjarot
109,negative,Agus-Sylvi,"anggap saja bisa, sebulan kemudian pada dijual (pindah tangan) ke orang2 elit partai gerindra dan pks #pilkadadki #ahy",anggap bulan jual pindah tangan orang elit partai gerindra pks pilkadadki ahy
110,negative,Anies-Sandi,"Heran baca berita @liputan6dotcom berita #AniesSandi negatif terus, pantes portal beritanya sepi melempem. Payah!",heran baca berita berita aniessandi negatif pantes portal berita sepi melempem payah
111,negative,Anies-Sandi,Prabowo Subianto sebut Amin Rais sebagai Ayatollah Indonesia & Aburizal Bakrie sebagai mentor & arsitek pemenangan #AniesSandi #PilkadaDKI,prabowo subianto amin rais ayatollah indonesia aburizal bakrie mentor arsitek menang aniessandi pilkadadki
112,positive,Agus-Sylvi,Aku dari dulu Agus Harimurti Yudhoyono Lovers #AHYLovers Dari dulu Annisa Larasati Pohan Lovers  #ALPLovers Bukan mendadak #AHY,agus harimurti yudhoyono lovers ahylovers annisa larasati pohan lovers alplovers dadak ahy
113,negative,Agus-Sylvi,"Kasihan AHY kalah walaupun sudah umroh, dibantu doa 7 juta umat.Ternyata Allah itu netral, tidak berpolitik #PilkadaDKI",kasihan ahy kalah umroh bantu doa juta umat netral politik pilkadadki
114,negative,Anies-Sandi,"DP 0% angsuran 30th itu program yang siap sengsarain cagub 5 periode berikutnya #aniessandy kabur, gubenur baru babak belur",dp angsur program sengsarain cagub periode aniessandy kabur gubenur babak bur
115,negative,Agus-Sylvi,"menemukan Foto seperti ini, Ternyata lingkaran orang2 AHY penuh masalah semua integritas dan kwalitas yang negatif Waspada.. Waspada.. <Thumbs Down>",temu foto lingkar orang ahy penuh integritas kwalitas negatif waspada waspada
116,negative,Ahok-Djarot,Lihat raut wajah bpk Djarot bikin miris. Sabar & kuatkan @AhokDjarot @basuki_btp #IndonesiaBerkabung #AhokDjarot,raut wajah bpk djarot bikin miris sabar kuat ahokdjarot basukibtp indonesiaberkabung ahokdjarot
117,negative,Anies-Sandi,kasian.. masjid dijadikan alat tempat balas dendam.. takbir dilontarkan untuk memuaskan kebencian.. benar2 PARAH pendukung #AniesSandi,kasi masjid jadi alat balas dendam takbir lontar muas benci benar parah dukung aniessandi
118,positive,Ahok-Djarot,"Ahok-Djarot kalah dalam pilkada, tapi menang dalam menjaga integritas berdemokrasi Pancasila. Bangga! <SMILING FACE WITH HEART-EYES> #JakartaGubernurBaru #PilkadaDKI",ahok djarot kalah pilkada menang jaga integritas demokrasi pancasila bangga jakartagubernurbaru pilkadadki
119,negative,Agus-Sylvi,"heeebohhhh....Agus Sylvi kalah di TPS 6 tmpat @AgusYudhoyono menggunakan hak pilihnya... #PilkadaDKI #QuickCount #ahy	",heeebohhhh agus sylvi kalah tps tmpat agusyudhoyono hak pilih pilkadadki quickcount ahy
120,positive,Ahok-Djarot,Dukungan Doa dan Pemasangan sejuta Lilin untuk AHOK dari Manado Untuk Indonesia. #SaveAhok #AhokDjarot #RIPJusticeInIndonesia,dukung doa pasang juta lilin ahok manado indonesia saveahok ahokdjarot ripjusticeinindonesia
121,negative,Anies-Sandi,"yang penting janji2 rmh dp 0% n bantuan modal cepat cairkan. Kalo bohong, asset2 #AniesSandi hrs dijual untuk rakyat sesuai komitmen",janji rmh dp bantu modal cepat cair bohong asset aniessandi hrs jual rakyat sesuai komitmen
122,negative,Agus-Sylvi,Trima Kasih atas KeIstiqomahan Relawan #AHY @AgusYudhoyono lah yg tlh mengantarkan #AniesSandiDKI1 #JakartaGubernurBaru dg cukup signifikan,terima kasih keistiqomahan rawan ahy agusyudhoyono tlh antar aniessandidki jakartagubernurbaru dg signifikan
123,negative,Ahok-Djarot,saya sarankan @fadlizon di DPR bikin PANSUS KARANGAN BUNGA atau undang LSM untuk bentuk TIM PENCARI FAKTA KARANGAN BUNGA dari pada jadi gila,saran fadlizon dpr bikin pansus karang bunga undang lsm bentuk tim cari fakta karang bunga gila
124,negative,Agus-Sylvi,#AHY #SBY #Jakarta #Jatim #Jabar #Presiden #NgopiSore Mau ke Mana AHY Setelah Nyungsep di Jakarta? @tribunmedan,ahy sby jakarta jatim jabar presiden ngopisore ahy nyungsep jakarta tribunmedan
125,negative,Ahok-Djarot,"Timses anies ngomongnya sok kayak motivator, udah ahok terbaik kok jadi gubernur. Liat hasil kerjanya aja deh #AhokDjarot",timses anies ngomong sok kayak motivator sudah ahok baik gubernur liat hasil kerja aja deh ahokdjarot
126,positive,Anies-Sandi,"Terima kasih kepada warga Jakarta yang telah memilih #AniesSandi khususnya warga Kebayoran Baru, kita kawal amanah ummat ini #SalamBersama",terima kasih warga jakarta pilih aniessandi warga kebayoran kawal amanah ummat salambersama
127,negative,Anies-Sandi,Akun @CangHaris akun provokator & bukan bagian dari timses #AniesSandi. Timeline @CangHaris lebih mencirikan akun Ahokers. Waspadalah!,akun cangharis akun provokator timses aniessandi timeline cangharis ciri akun ahokers waspada
128,positive,Anies-Sandi,"2. Semoga @aniesbaswedan @JktMajuBersama @sandiuno melebur semua relawan menjadi RELAWAN JAKARTA yang bersatu!#AniesSandi, #menyatukan",moga aniesbaswedan jktmajubersama sandiuno lebur rawan rawan jakarta satu aniessandi satu
129,negative,Agus-Sylvi,"1.Kenape kagak dilawan ama pasangan #AHY-#DickyChandra buat Pilgub Jabar ??? Cuma Demokrat emang hrs tegas dulu buat Pilgub DKI, <Thinking Face> <Thinking Face> <Thinking Face>",kenape kagak lawan ama pasang ahy dickychandra pilgub jabar demokrat emang hrs pilgub dki
130,positive,Ahok-Djarot,Marilah Kemari (@ahokdjarot  <Victory Hand> <Victory Hand>  disini) cover by Citra & Alain #ahokdjarot #basukidjarot @temanAhok @AhokShow,mari kemari ahokdjarot cover by citra alain ahokdjarot basukidjarot temanahok ahokshow
131,positive,Agus-Sylvi,"Salam ""Wallahulmuwafiq IlaAqwamithoriq @sandiuno mencerminkan beliau NU sejak itu saya jatuh hati meski waktu itu saya #AHY @AgusYudhoyono",wallahulmuwafiq ilaaqwamithoriq sandiuno cermin beliau nu jatuh hati waktu ahy agusyudhoyono
132,negative,Agus-Sylvi,Ternyata segelintir pendukung AHY merasa ditikung di saat terakhir karena adanya tweet dari akun resmi parpol pendukung Anies-Sandi #Pilkada,gelintir dukung ahy tikung tweet akun resmi parpol dukung anies sandi pilkada
133,negative,Anies-Sandi,"cek kaos para pendukung Anies-Sandi,kaos2 provokatif yang dipakai saat pilkada DKI dipakai dalam syukuran, dan mereka bicara rekonsiliasi",cek kaos dukung anies sandi kaos provokatif pakai pilkada dki pakai syukur bicara rekonsiliasi
134,negative,Agus-Sylvi,"#ahy, pakdhe karwo, Pilgub Jatim, Pak Dhe Karwo Isyaratkan Agus Tidak Akan Maju di Pilgub Jatim",ahy pakdhe karwo pilgub jatim dhe karwo isyarat agus maju pilgub jatim
135,negative,Anies-Sandi,Jenazah ditolak.  Abis solat diusir. Yang dagang di usir. Agama jadi jualannya politik. Mantavvv jiwa Cara lu..  #pilkadadki2017 #pilkada,jenazah tolak abis solat usir dagang usir agama jual politik mantavvv jiwa lu pilkada
136,negative,Ahok-Djarot,"saran aja pak, biarkan kalo masih ada aja yang ngiri, bapak nganan aja Takut bikin macet kalo bapak ikutan ngiri #AhokDjarot",saran aja biar aja ngiri nganan aja takut bikin macet ikut ngiri ahokdjarot
137,negative,Ahok-Djarot,"#pilkadadki2017 masa tenang aja masih ada yang curang, apalagi pemilihan yaa hati2 aja, awasin tuh yang kemarin ketahuan bagi2 sembako",tenang aja curang pilih yaa hati aja awasin kemarin tahu bagi sembako
138,positive,Agus-Sylvi,#Djarot Apresiasi #AHY Relakan Relawannya Dukung #Ahok <Clapping Hands> <Clapping Hands> http://merahputih.com #merahputih #Indonesia #Jakarta #PilgubDKI #2017,djarot apresiasi ahy rela rawan dukung ahok merahputih indonesia jakarta pilgubdki
139,positive,Anies-Sandi,"#pilkadadki2017 jika ahok djarot menang, mereka tinggal melanjutkan tugas mereka, dan jika anis sandi menang, mudah-mudahan bisa lebih baik.",ahok djarot menang tinggal lanjut tugas anis sandi menang mudah mudah
140,positive,Anies-Sandi,Kerinduan ini mencapai klimaksnya akan sosok gubernur Jakarta yang cinta Persija (Insha Allah) Chant #AniesSandi pun bergema di stadion,rindu capai klimaks sosok gubernur jakarta cinta persija insha chant aniessandi gema stadion
141,positive,Agus-Sylvi,Jangan kira skenario AHY cuma untuk menang Pilgub saja? AHY sudah pikirkan matang skenario jika kalah. Kalah pun dia menang sejatinya. <Smiling Face With Smiling Eyes> <Smiling Face With Smiling Eyes>,skenario ahy menang pilgub ahy pikir matang skenario kalah kalah menang sejati
142,negative,Agus-Sylvi,"Di manakah #AHY... Sang Ksatria, Samurai, Prajurit, Pembangun semangat & harapan, Pahlawan yg dinanti-nantikan rakyat itu...",mana ahy sang ksatria samurai prajurit bangun semangat harap pahlawan nanti nanti rakyat
143,negative,Agus-Sylvi,"Tuduhan terhadap #AHY yg kerap dilontarkan: anak ingusan dan cuma mayor, sekarang tak terdengar lagi. Dudah berubah menjadi sanjungan!?",tuduh ahy kerap lontar anak ingus mayor dengar dudah ubah sanjung
144,positive,Agus-Sylvi,"@AgusYudhoyono Semangat terus Pak AHY, faktor kekalahan pada pilkada waktu kemarin itu adalah wakil Pak AHY, nanti maju lagi, insyaAlloh.",agusyudhoyono semangat ahy faktor kalah pilkada waktu kemarin wakil ahy maju insyaalloh
145,negative,Anies-Sandi,Mbak Ira kusno bajunya tidak pas kurang cerah sedikit..apa Gara2 blush on nya ya #okeoce jadi tegang itu yang lagi debat  <Smiling Face With Open Mouth & Cold Sweat>  #kurangpenting,mbak ira kusno baju pas cerah gara blush on okeoce tegang debat kurangpenting
146,negative,Ahok-Djarot,#AhokDjarot mencari orang pintar buanyak di Jakarta. Mencari orang yang jujur anti korupsi suka bekerja keras...itu yang sulit.,ahokdjarot cari pintar buanyak jakarta cari jujur anti korupsi suka keras sulit
147,negative,Agus-Sylvi,"Agus tersingkir, Ahok & Anies rebutan suara AHY untuk kepentingan kelompok   lewat @YouTube #ahok #anies #ahy #pilgub",agus singkir ahok anies rebut suara ahy penting kelompok youtube ahok anies ahy pilgub
148,positive,Ahok-Djarot,<lovered> Nama yang Indah <lovered> Nama masjid baru pemkot Jakarta MASJID RAYA KH HASYIM ASHARI. @nu_online @NahdlatulOelama #AhokDjarot,nama indah nama masjid pemkot jakarta masjid raya kh hasyim ashari nuonline nahdlatuloelama ahokdjarot
149,positive,Agus-Sylvi,"youtu.be/bxrZD69u61A  tenang, bening, ..dan tulus. Mas Agus, mungkin di masa yg akan datang yaa mas.. #apreciate #agussilvy",youtu be tenang bening tulus mas agus yaa mas apreciate agussilvy
150,positive,Anies-Sandi,"Alhamdulillah, #PilkadaDKI2017 keren, mancarli: aman lancar terkendali Tks Jakarta, sdh berikan hal menarik. Selamat u Gub-Wagub terpilih.",alhamdulillah keren mancarli aman lancar kendali tks jakarta sudah tarik selamat gub wagub pilih
151,negative,Ahok-Djarot,@aniesbaswedan omonganmu tidak cocok dengan fakta <Thumbs Down> <Thumbs Down>@MataNajwa @Metro_TV #pilkadaDKI #voteahok #badja  @nu_online #ahokdjarot #DKI,aniesbaswedan omong cocok fakta matanajwa metrotv pilkadadki voteahok badja nuonline ahokdjarot dki
152,negative,Anies-Sandi,Fitnah nih Menteri Pendidikan punya binimuda? Duh KW aspal semua @SangPemburu99 @aniesbaswedan @selenakoe Anies sibuk urus istri muda,fitnah menteri didik binimuda duh kw aspal aniesbaswedan selenakoe anies sibuk urus istri muda
153,positive,Anies-Sandi,Kemenangan #AniesSandi kemenangan warga Jakarta! Umat Islam masih harus terus berjuang menuntut keadilan hukum terhadap #AhokPenistaAgama,menang aniessandi menang warga jakarta umat islam juang tuntut adil hukum ahokpenistaagama
154,positive,Agus-Sylvi,"Saya bilang PASTI MENANG karena bentuk keyakinan akan keberhasilan goal goal LAIN dari IMPROVISASI politik Pak SBY & Pak AHY,di Pilkada DKI.",bilang menang bentuk yakin hasil goal goal improvisasi politik sby ahy pilkada dki
155,negative,Agus-Sylvi,"Suara #AHY rusak gara-gara nyanyian si AA PeKa ini, moga SBY bisa bikin dia jeblos penjara sampai pupus disana !!! #GueGeram  <Face With Steam From Nose>",suara ahy rusak gara gara nyanyi si aa peka moga sby bikin jeblos penjara pupus sana guegeram
156,negative,Ahok-Djarot,"Mungkin seperti ini ya rasanya dipaksa putus,lantas dikawin paksa sama bandot bini 5.susah move on-nyah. #pilkadajakarta #AhokDjarot",paksa putus lantas kawin paksa bandot bini susah move on nyah pilkadajakarta ahokdjarot
157,negative,Agus-Sylvi,ya pastilah #FPI kan tidak suka sama Ahok jadi pas #AHY udah kalah otomatis dukungannya lari ke mas #Anisa AniesSandi <Grimacing Face>,fpi suka ahok pas ahy sudah kalah otomatis dukung lari mas anisa aniessandi
158,positive,Anies-Sandi,"Salam, Saudaraku. Berdasarkan exitpoll Litbang Kompas, mayoritas pemilih PAN memilih pasangan Anies-Sandi. #AniesSandi #AmanatNasional",saudara dasar exitpoll litbang kompas mayoritas pilih pan pilih pasang anies sandi aniessandi amanatnasional
159,negative,Anies-Sandi,Dua Program Ahok yang akan Dibatalkan Anies Anies-Sandi Ahok Djarot #GubernurJakarta #AniesSandi #Ahok,program ahok batal anies anies sandi ahok djarot gubernurjakarta aniessandi ahok
160,negative,Anies-Sandi,"Paslon 3 #aniessandy curang kampanye masuk keluar masuk masjid, musolah masa seperti itu kampanye politik pilkada,tiap pengajian bagi2 duit",paslon aniessandy curang kampanye masjid musolah kampanye politik pilkada aji bagi duit
161,negative,Anies-Sandi,"Bismillah beli rumah DP 0%, awas aja program ga jadi jalan #GubernurBaru #aniessandi",bismillah beli rumah dp awas aja program tidak jalan gubernurbaru aniessandi
162,positive,Anies-Sandi,"KPU Sudah Umumkan Hasil Pilkada DKI, Anies-Sandi Tetap Menang, Karangan Bunga Gak Ngaruh <Cat Face With Tears of Joy> https://goo.gl/fb/ASihdv",kpu umum hasil pilkada dki anies sandi menang karang bunga gak ngaruh
163,negative,Anies-Sandi,#Paslon3  Anies-Sandi kl kalah #pilkadaDKI pindah nyalon ke Kab. Bogor kyknya cocok nih. Bogor butuh Entrepreneurship and education,paslon anies sandi kalah pilkadadki pindah nyalon kab bogor kyk cocok bogor butuh entrepreneurship and education
164,positive,Anies-Sandi,Tugas berat menanti mas @aniesbaswedan dan bang @sandiuno . Semoga amanah mewujudkan janji dan keinginan warga Jakarta. #PilkadaDKI2017,tugas berat mas aniesbaswedan bang sandiuno moga amanah wujud janji warga jakarta
165,negative,Anies-Sandi,"Sabtu kerja&ngobrol tentang #pilkadaDKI,ternyata ketua RW di komplek rumah teman saya super maksa warga pilih Anies demi janji 3 Milyar",sabtu ngobrol pilkadadki ketua rw komplek rumah teman super maksa warga pilih anies janji milyar
166,positive,Agus-Sylvi,"Menurut AHY, Pilkada DKI memberi hikmah, pelajaran, ujian dan tantangan yang dapat ia ambil. Semua itu dapat mematangkan karakternya#AIMAN",ahy pilkada dki hikmah ajar uji tantang ambil matang karakter aiman
167,negative,Agus-Sylvi,Senjata makan tuan aka karma @Beritasatu: #PopulerB1 2: Kicauan Negatif SBY Diyakini Pengaruhi Elektabilitas AHY <FACE WITH STUCK-OUT TOUNGES>,senjata makan tuan aka karma beritasatu populerb kicau negatif sby yakin pengaruh elektabilitas ahy
168,positive,Agus-Sylvi,@AgusYudhoyono tetep semangat mendharma baktikan jiwa dan raga untuk negeri ini  <Smiling Face With Smiling Eyes> <Smiling Face With Smiling Eyes>  #ahy #wpap #art,agusyudhoyono tetep semangat mendharma bakti jiwa raga negeri ahy wpap art
169,negative,Agus-Sylvi,"#AHY, pakar mantan, sby, Ini Surat Anas Urbaningrum Dari Jeruji Besi, Sindiran Buat Mantan?",ahy pakar mantan sby surat anas urbaningrum jeruji besi sindir mantan
170,positive,Agus-Sylvi,Dari pada pendukung Ahok berantem terus. Mending kaya pendukung AHY membuat kopdar biar makin luas siapa tau jadi calon lagi,dukung ahok antem mending kaya dukung ahy kopdar biar luas tau calon
171,negative,Anies-Sandi,"Jadi kalo kalah, pasti badja berbuat curang? Picik <Grimacing Face>  Prabowo Sebut Anies-Sandi Akan Menang Pilkada DKI jika Tidak Dicurangi",kalah badja buat curang picik prabowo anies sandi menang pilkada dki curang
172,positive,Ahok-Djarot,KALAH PILKADA DKI AHOK DJAROT DAPAT KARANGAN BUNGA SIMPATI KARENA TERUJI DAN TERUKUR <Victory Hand> <Victory Hand> ANIES SANDI MENANG DAPAT BUNGA DP 0%,kalah pilkada dki ahok djarot karang bunga simpati uji ukur anies sandi menang bunga dp
173,positive,Anies-Sandi,"Jeda Iklan, Sandiaga Turun dari Panggung Debat lalu Peluk Erat Nelayan : Bang @sandiuno #OkeOce #salambersama",jeda iklan sandiaga turun panggung debat peluk erat nelayan bang sandiuno okeoce salambersama
174,negative,Anies-Sandi,Kasus #AhokPenistaAgama bukan urusan timses #AniesSandi tapi urusan umat Islam sedunia & aparat penegak hukum Indonesia. #PenjarakanAhok!,ahokpenistaagama urus timses aniessandi urus umat islam dunia aparat tegak hukum indonesia penjarakanahok
175,negative,Anies-Sandi,"BIADAB !!! Kelakuan Kelompok Pendukung #AniesSandi Melebihi ""PENJAJAH"" & Terbukti Melampaui Kemampuan IBLIS #GueCintaNKRI #MasjidUntukSemua",biadab laku kelompok dukung aniessandi lebih jajah bukti lampau mampu iblis guecintankri masjiduntuksemua
176,negative,Ahok-Djarot,Lulung nyampah jadi timses anies sandi gara gara takut kena semprot ahok <FACE WITH TEARS OF JOY> #AhokDjarot <FACE WITH STUCK-OUT TOUNGES>,lulung nyampah timses anies sandi gara gara takut semprot ahok ahokdjarot
177,negative,Agus-Sylvi,Gagal di Pilkada DKI Jakarta AHY Diisukan Maju ke Pilgub Jatim https://goo.gl/fb/ECcmdW  #headlines #politikbirokrasi #pilkadadki,gagal pilkada dki jakarta ahy isu maju pilgub jatim headlines politikbirokrasi pilkadadki
178,positive,Ahok-Djarot,"#ahok #saveahok #ahokdjarot #pilgubjkt Anies Unggul di Pemilih Muslim, Ahok Kaum Pendidikan Tinggi TotorQQ: http://www.infototorqq.com",ahok saveahok ahokdjarot pilgubjkt anies unggul pilih muslim ahok kaum didik tinggi totorqq
179,positive,Anies-Sandi,Wakil Timses Anies-Sandi Pantau Pencoblosan Ulang di TPS 1 Gambir #WakilTimses #AniesSandi #Pantau #TPS01Gambir https://www.harianbernas.com,wakil timses anies sandi pantau coblos ulang tps gambir wakiltimses aniessandi pantau
180,negative,Agus-Sylvi,Kalau aku sih gak nunggu hasil akhir QC tp lagi nunggu motif cuitan pak @SBYudhoyono kayak apa.. pasca #AgusSilvy Nyungsep..,gak nunggu hasil qc tapi nunggu motif cuit sbyudhoyono kayak pasca agussilvy nyungsep
181,negative,Agus-Sylvi,"Versi #3 video #AHYANGaruk2Kepala terlihat bingung bicara banjir, kota apung  <Face With Stuck-Out Tongue & Closed Eyes>  di atas, permukaan tanah dan air, bikin bengong <Smiling Face With Open Mouth & Closed Eyes>",versi video bingung bicara banjir kota apung muka tanah air bikin bengong
182,positive,Ahok-Djarot,Karangan bunga untuk ahok Dari kota kecil yang indah.... #Ajibarang #Basuki_btp #Jakarta #Ahok #AhokDjarot #DKIJakarta,karang bunga ahok kota indah ajibarang basukibtp jakarta ahok ahokdjarot dkijakarta
183,negative,Ahok-Djarot,"Mentang mentang nama belakangnya sama, mau ambil keuntungan saja. Yang Novel iya yang Anies gak #AhokDjarot #pilgubDKI",mentang mentang nama belakang ambil untung novel iya anies gak ahokdjarot pilgubdki
184,positive,Ahok-Djarot,"@basuki_btp dan djarot semangat & sehat2 terus. Semoga diakhir masa jabatan ini, masyarakat DKI sadar akan pemimpin sebenarnya. #ahokdjarot",basukibtp djarot semangat sehat moga akhir jabat masyarakat dki sadar pimpin ahokdjarot
185,negative,Ahok-Djarot,"Bukti #AhokDjarot ..begtiu dicintai warganya,,Namun kalah terhornat karna Kelicikan yang menjijikan dari Lawanya..",bukti ahokdjarot begtiu cinta warga kalah terhornat karena kelici jijik lawa
186,negative,Ahok-Djarot,#ahokdjarot #kpudkijakarta #sumarmo Saksi Ahok-Djarot Tolak Tandatangani Rekapitulasi Suara Pilkada http://dlvr.it/P1dBNY,ahokdjarot kpudkijakarta sumarmo saksi ahok djarot tolak tandatangani rekapitulasi suara pilkada
187,negative,Ahok-Djarot,#pilkadadki2017 pilkada dki 2017 itu sangat rasis dan agamis. Buktinya ras china pilih ahok 100% dan pemeluk kristen pilih ahok 100%,pilkada dki ras agam bukti ras china pilih ahok peluk kristen pilih ahok
188,positive,Agus-Sylvi,12. #AHY dan SBY di puji dan dibela tanpa mereka merasa malu dan merasa bersalah demi mengharapkan dukungan politik dan massa demokrat! ,ahy sby puji bela malu salah harap dukung politik massa demokrat
189,negative,Anies-Sandi,"Berita Badja: Rencana Ahok jika menang atau kalah, Berita Anies-Sandi: hanya kecurangan besar yang bisa mengalahkn kami #pilkadaDKI",berita badja rencana ahok menang kalah berita anies sandi curang mengalahkn pilkadadki
190,positive,Agus-Sylvi,Tandatangan petisi Stop Hoax dan Fitnah serta mendukung gerakan Kebebasan Pers tanpa Hoax dan fitnah. #AHY #Demokrat #demokratbersamarakyat,tandatangan petisi stop hoax fitnah dukung gera bebas pers hoax fitnah ahy demokrat demokratbersamarakyat
191,negative,Anies-Sandi,"Wajah politik santun penuh kata mAnies bertabur wacana, dusta dan Sandiwara... #OKEOCE #salambersama #tetapahok #gue2",wajah politik santun penuh manies tabur wacana dusta sandiwara okeoce salambersama tetapahok gue
192,negative,Anies-Sandi,"Yang bilang Anies Sandi menang pilkada DKI karena menang di visi misi dan program mereka untuk Jakarta, boleh dong RT. <Zipper-Mouth Face>",bilang anies sandi menang pilkada dki menang visi misi program jakarta rt
193,negative,Ahok-Djarot,Awas serbuan warga wahabi dari bogor dan depok #JakartaberAswaja #SJPKB #pilgubDKI #JakartaPunyaSemua @kpudki https://news.detik.com,awas serbu warga wahabi bogor depok jakartaberaswaja sjpkb pilgubdki jakartapunyasemua kpudki
194,positive,Anies-Sandi,Sandiaga: Bangun Rumah DP 0% Lebih Simpel Dibanding Tol Cipali #AniesSandiJawaraJakarta #GubernurGu3 #OkeOce #DP0%,sandiaga bangun rumah dp simpel banding tol cipali aniessandijawarajakarta gubernurgu okeoce dp
195,negative,Agus-Sylvi,Masih mau mencaci maki #AHY dan Pepo Memo nya?! Kalian hrs mengemis minta suara 17% kpd orang2 yang selama ini kalian hina!!!!!!,caci maki ahy pepo memo hrs emis suara kpd orang hina
196,negative,Anies-Sandi,"#AniesSandi menang, pendukungnya puji syukur,#AhokDjarot kalah, pendukungnya nangis.Gak kbayang kalo Anies kalah, apa ada aksi2 & demo lagi?",aniessandi menang dukung puji syukur ahokdjarot kalah dukung nang gak kbayang anies kalah aksi demo
197,positive,Agus-Sylvi,"baru quick count,Ttp kalau hasil kpud benar sampai 2putaran SIAP RAPAT KAN BARISAN SEMUA! SATU KOMANDO! #aniessandi #agussilvy",quick count ttp hasil kpud putaran rapat baris komando aniessandi agussilvy
198,negative,Ahok-Djarot,Kita gembira atas bunga2 buat #AhokDjarot kaga juga bahas2 soal A&S tapi kenapa yang benci tetep fokus sama #Badja yaaa? Perhatian kalian,gembira bunga ahokdjarot kaga bahas benci tetep fokus badja yaaa perhati
199,negative,Agus-Sylvi,Sayang mayor #AHY termasuk yang dikader untuk pemimpin masa depan Dari SMA taruna beliau selalu yang teratas Lagi2 itu pilihan #pensiundini,sayang mayor ahy kader pimpin sma taruna beliau atas lagi pilih pensiundini
200,negative,Ahok-Djarot,bagi2 sembako gratis tim @basuki_btp itu melanggar Pasal 73 Ayat 1 UU No.10 Thn 2016 #pilkadadki2017,bagi sembako gratis tim basukibtp langgar pasal ayat uu no tahun
201,negative,Anies-Sandi,"DP 0 persen ternyata beda dengan DP 0 rupiah, #AniesSandi #QEREN. lha bukannya sama2 0 ?lha 0 persen dari 350jt kan 0 rupiah ?atau beda ?",dp persen beda dp rupiah aniessandi qeren lha sama lha persen rupiah beda
202,negative,Ahok-Djarot,"Yah namanya juga manusia, suka khilaf. Yang paling disayang A...yang diajak buat komitment B, paling ujung-ujungnya nyesel. #AhokDjarot",yah nama manusia suka khilaf sayang ajak komitment ujung ujung nyesel ahokdjarot
